Kp,Settling_Time_s,Peak_Time_s,Settled_Value_deg,Pole_1_Real,Pole_1_Imag,Pole_2_Real,Pole_2_Imag
0.5,0.382,0.151,73.65234375,-10.471204188481675,20.80524936152181,-10.471204188481675,-20.80524936152181
0.55,0.391,0.141,87.1171875,-10.230179028132993,22.280798961629742,-10.230179028132993,-22.280798961629742
0.6,0.372,0.141,93.83203125,-10.75268817204301,22.280798961629742,-10.75268817204301,-22.280798961629742
0.65,0.37,0.14,99.3515625,-10.81081081081081,22.439947525641376,-10.81081081081081,-22.439947525641376
0.7,0.402,0.141,102.33984375,-9.950248756218905,22.280798961629742,-9.950248756218905,-22.280798961629742
0.75,0.43,0.13,100.6171875,-9.30232558139535,24.1660973353061,-9.30232558139535,-24.1660973353061
0.8,0.433,0.131,92.63671875,-9.237875288683602,23.981623309845748,-9.237875288683602,-23.981623309845748
0.85,0.423,0.131,87.57421875,-9.456264775413711,23.981623309845748,-9.456264775413711,-23.981623309845748
0.9,0.421,0.13,84.375,-9.501187648456057,24.1660973353061,-9.501187648456057,-24.1660973353061
0.95,0.452,0.121,84.09375,-8.849557522123893,25.963575649502424,-8.849557522123893,-25.963575649502424
1.0,0.442,0.12,82.01953125,-9.049773755656108,26.179938779914945,-9.049773755656108,-26.179938779914945
1.05,0.451,0.12,84.33984375,-8.869179600886918,26.179938779914945,-8.869179600886918,-26.179938779914945
1.1,0.461,0.12,92.00390625,-8.676789587852495,26.179938779914945,-8.676789587852495,-26.179938779914945
1.15,0.461,0.12,94.04296875,-8.676789587852495,26.179938779914945,-8.676789587852495,-26.179938779914945
1.2,0.453,0.121,95.0625,-8.830022075055187,25.963575649502424,-8.830022075055187,-25.963575649502424
1.25,0.523,0.121,94.640625,-7.648183556405353,25.963575649502424,-7.648183556405353,-25.963575649502424
1.3,0.521,0.12,86.51953125,-7.677543186180422,26.179938779914945,-7.677543186180422,-26.179938779914945
1.35,0.511,0.12,87.609375,-7.8277886497064575,26.179938779914945,-7.8277886497064575,-26.179938779914945
1.4,0.501,0.12,87.08203125,-7.984031936127744,26.179938779914945,-7.984031936127744,-26.179938779914945
1.45,0.572,0.121,88.13671875,-6.993006993006993,25.963575649502424,-6.993006993006993,-25.963575649502424
1.5,0.563,0.12,94.0078125,-7.104795737122559,26.179938779914945,-7.104795737122559,-26.179938779914945
1.55,0.603,0.121,92.77734375,-6.633499170812604,25.963575649502424,-6.633499170812604,-25.963575649502424
1.6,0.601,0.12,90.17578125,-6.655574043261232,26.179938779914945,-6.655574043261232,-26.179938779914945
1.65,0.613,0.12,91.7578125,-6.525285481239805,26.179938779914945,-6.525285481239805,-26.179938779914945
1.7,0.663,0.111,87.328125,-6.033182503770739,28.302636518826965,-6.033182503770739,-28.302636518826965
1.75,0.672,0.11,92.14453125,-5.952380952380952,28.559933214452666,-5.952380952380952,-28.559933214452666
1.8,0.661,0.11,91.65234375,-6.05143721633888,28.559933214452666,-6.05143721633888,-28.559933214452666
1.85,0.712,0.11,89.54296875,-5.617977528089888,28.559933214452666,-5.617977528089888,-28.559933214452666
1.9,0.824,0.111,88.34765625,-4.8543689320388355,28.302636518826965,-4.8543689320388355,-28.302636518826965
1.95,0.812,0.11,87.328125,-4.926108374384236,28.559933214452666,-4.926108374384236,-28.559933214452666
2.0,0.762,0.11,91.01953125,-5.2493438320209975,28.559933214452666,-5.2493438320209975,-28.559933214452666
2.05,0.822,0.11,88.55859375,-4.866180048661801,28.559933214452666,-4.866180048661801,-28.559933214452666
2.1,0.934,0.11,90.66796875,-4.282655246252676,28.559933214452666,-4.282655246252676,-28.559933214452666
2.15,0.973,0.11,91.37109375,-4.110996916752312,28.559933214452666,-4.110996916752312,-28.559933214452666
2.2,0.963,0.11,89.3671875,-4.153686396677051,28.559933214452666,-4.153686396677051,-28.559933214452666
2.25,1.073,0.11,88.69921875,-3.7278657968313142,28.559933214452666,-3.7278657968313142,-28.559933214452666
2.3,1.445,0.11,90.52734375,-2.7681660899653977,28.559933214452666,-2.7681660899653977,-28.559933214452666
2.35,1.727,0.111,89.2265625,-2.3161551823972206,28.302636518826965,-2.3161551823972206,-28.302636518826965
2.4,1.356,0.111,88.48828125,-2.949852507374631,28.302636518826965,-2.949852507374631,-28.302636518826965
2.45,1.446,0.111,90.6328125,-2.7662517289073305,28.302636518826965,-2.7662517289073305,-28.302636518826965
2.5,1.997,0.11,79.3828125,-2.0030045067601403,28.559933214452666,-2.0030045067601403,-28.559933214452666
